{
  "indexes": [
    {
      "collectionGroup": "reports",
      "queryScope": "COLLECTION",
      "fields": [
        {
          "fieldPath": "userId",
          "order": "ASCENDING"
        },
        {
          "fieldPath": "createdAt",
          "order": "DESCENDING"
        }
      ]
    },
    {
      "collectionGroup": "reports",
      "queryScope": "COLLECTION",
      "fields": [
        {
          "fieldPath": "userId",
          "order": "ASCENDING"
        },
        {
          "fieldPath": "mode",
          "order": "ASCENDING"
        },
        {
          "fieldPath": "createdAt",
          "order": "DESCENDING"
        }
      ]
    },
    {
      "collectionGroup": "reports",
      "queryScope": "COLLECTION",
      "fields": [
        {
          "fieldPath": "userId",
          "order": "ASCENDING"
        },
        {
          "fieldPath": "analysis.riskScore",
          "order": "DESCENDING"
        },
        {
          "fieldPath": "createdAt",
          "order": "DESCENDING"
        }
      ]
    },
    {
      "collectionGroup": "sharedReports",
      "queryScope": "COLLECTION",
      "fields": [
        {
          "fieldPath": "ownerId",
          "order": "ASCENDING"
        },
        {
          "fieldPath": "active",
          "order": "ASCENDING"
        },
        {
          "fieldPath": "createdAt",
          "order": "DESCENDING"
        }
      ]
    },
    {
      "collectionGroup": "sharedReports",
      "queryScope": "COLLECTION",
      "fields": [
        {
          "fieldPath": "expiresAt",
          "order": "ASCENDING"
        },
        {
          "fieldPath": "active",
          "order": "ASCENDING"
        }
      ]
    }
  ],
  "fieldOverrides": []
}